locality_grouped,listings,median_price,median_predicted_price,median_deviation_pct,anomaly_count,overpriced_count,underpriced_count,anomaly_rate_pct
Other,930,19850000.0,21234657.027355205,-2.6634550606513874,254,129,125,27.311827956989248
Sarjapur Road,801,37500000.0,37606391.66004806,-7.139793536254689,90,80,10,11.235955056179774
Whitefield,103,28500000.0,28505802.295450967,7.009160130979732,40,22,18,38.83495145631068
Phase 2 Electronic City,49,16000000.0,14430320.670566842,-0.820370683784574,17,11,6,34.69387755102041
Devanahalli,791,50000000.0,39015269.80292154,0.29086952622461376,15,8,7,1.8963337547408345
Nagdevanahalli,27,6650000.0,8092085.48338287,-18.575203959194685,13,4,9,48.148148148148145
Krishnarajapura,32,20000000.0,20553848.20257167,-1.8302251878255424,12,9,3,37.5
Block 2nd Anjanapura,28,25500000.0,21202069.57290647,3.8483346451550013,11,4,7,39.285714285714285
Yelahanka,536,32500000.0,55000000.00000105,-1.2487695444510287,10,7,3,1.8656716417910446
Kothnur Narayanapura,24,20000000.0,19072489.63149151,17.704164549578238,9,6,3,37.5
Bannerghatta Main Road,25,28000000.0,26235259.404747333,6.189621042072018,9,6,3,36.0
Anjanapura Township,21,17500000.0,24282125.558113184,-13.539441489088425,9,4,5,42.857142857142854
Block 3rd HRBR Layout,21,15200000.0,18535293.668988436,-11.141214944927505,8,3,5,38.095238095238095
"Himagiri Meadows, Gottigere, bannerghatta main Road",24,19950000.0,22079195.953589775,-2.484675347746104,8,4,4,33.33333333333333
Chandapura,30,19000000.0,22538598.58205165,-6.6029985164003975,7,3,4,23.333333333333332
Sir M V Nagar,27,14000000.0,16246542.370316477,-16.14555006194068,7,2,5,25.925925925925924
Abbigere,26,14500000.0,15042736.72448789,-11.448144937755673,6,2,4,23.076923076923077
Varthur,22,21250000.0,21425481.05843004,2.0462825112399723,2,1,1,9.090909090909092
Bidaraguppe,490,15750000.0,15869230.98302918,-3.7009768001188097,0,0,0,0.0
Hennur Gardens,247,48000000.0,37025599.25003,29.640035468058233,0,0,0,0.0
Thirupalya,1225,28500000.0,27388616.699900262,0.3133645984421627,0,0,0,0.0
